period,mode,factor,calendar_missing,n,alpha_pct,t_classical,p_classical,t_hc0,p_hc0,t_hac,p_hac,ci_hac_low_pct,ci_hac_high_pct,r_squared,adjusted_r_squared,hac_lags,hac_calendar_months,mean_month_pct,vol_annual_pct,sharpe
all,strict,MKT,124,92,0.41676121198120053,0.6212803149004541,0.535968415798054,0.6246846160819326,0.5321780718800913,0.5478721287113135,0.5837797076095492,-1.0741650878430895,1.9076875118054906,1.1102230246251565e-16,1.1102230246251565e-16,4,214,0.41676121198120075,22.288674181710615,0.22438008214405963
all,strict,SMB,124,92,0.1933975176326046,0.46996515870103367,0.6395042194602761,0.47254032953237746,0.6365411624758526,0.4715027226210025,0.637281775864078,-0.6105260888998656,0.9973211241650749,0.0,0.0,4,214,0.19339751763260463,13.673187514039252,0.16973146965243854
all,strict,VMG,117,99,0.5537247690119063,1.289158180407142,0.2003776871374902,1.2957188242043471,0.1950723735931078,1.5845808670285149,0.1130615948902924,-0.13117596858583414,1.2386255066096468,1.1102230246251565e-16,1.1102230246251565e-16,4,215,0.5537247690119064,14.804575603860041,0.44882726840277576
all,zero_illustration,MKT,0,216,0.15934014916041003,0.3374352911220291,0.7361179855420515,0.33821911399258947,0.7351980728570515,0.3151655887039263,0.7526359313660897,-0.8315705493391871,1.150250847660008,2.220446049250313e-16,2.220446049250313e-16,4,216,0.15934014916041006,24.04098270830137,0.07953426085468117
all,zero_illustration,SMB,0,216,0.7529728432204115,2.648713008668033,0.008679313407705736,2.654865660415991,0.007933999820631974,2.5961690215349553,0.009426967948873153,0.18452000297498675,1.3214256834658373,0.0,0.0,4,216,0.7529728432204114,14.47311147937142,0.6243076432820625
all,zero_illustration,VMG,0,216,0.7679003319753219,2.840139696375239,0.004942334144604177,2.846737010017813,0.004416983564295051,3.4157234888136068,0.0006361280566000352,0.3272742100667425,1.208526453883901,0.0,0.0,4,216,0.7679003319753219,13.765203998587275,0.6694273462746776
paper_overlap,strict,MKT,92,16,0.3492515270575541,0.12944605735841197,0.8987245373218464,0.13369131316835722,0.8936466745838244,0.10263238254712664,0.9182547409846932,-6.320382340831103,7.01888539494621,0.0,0.0,4,60,0.34925152705755497,37.38523377717316,0.11210357409212267
paper_overlap,strict,SMB,92,16,0.3844339031104772,0.31729457972639,0.7553937343950334,0.327700432832584,0.7431381760948415,0.30947964668144995,0.7569566923462284,-2.0502225035780577,2.8190903097990128,0.0,0.0,4,60,0.38443390311047704,16.788412910514687,0.27478516652616064
paper_overlap,strict,VMG,87,21,0.37303198060812315,0.4259414145365896,0.6746993608805184,0.43646007039396223,0.6625029636781641,0.6115467454086461,0.5408376816176588,-0.8225090840164824,1.568573045232729,0.0,0.0,4,61,0.3730319806081233,13.902614088419634,0.3219814445562538
paper_overlap,zero_illustration,MKT,0,108,-0.0714167173842089,-0.08624754666548665,0.9314308218129193,-0.08664963530983608,0.9309500109645887,-0.07755000158870479,0.9381860154880755,-1.8763708256960818,1.7335373909276641,-2.220446049250313e-16,-2.220446049250313e-16,4,108,-0.07141671738420895,29.80956473815096,-0.0287491822218289
paper_overlap,zero_illustration,SMB,0,108,1.5386938210852472,3.450672805810255,0.0008014667413733659,3.466759945725817,0.0005267721099235269,3.7941995655316503,0.00014812050807352188,0.7438530594241441,2.333534582746349,-2.220446049250313e-16,-2.220446049250313e-16,4,108,1.5386938210852472,16.052804967714703,1.1502242686034183
paper_overlap,zero_illustration,VMG,0,108,0.6837165167619762,1.853131933155835,0.06661882129226408,1.8617712897011662,0.0626353349974034,2.4956506747073224,0.012572634681842977,0.1467584552553092,1.2206745782686435,-2.220446049250313e-16,-2.220446049250313e-16,4,108,0.6837165167619763,13.282267799203318,0.6177106443852782
extension,strict,MKT,32,76,0.43097377722828395,0.7239337019981769,0.4713585419904244,0.7287439456265159,0.4661583057888228,0.7426577461391098,0.4576889176295571,-0.7064183607248598,1.5683659151814282,-2.220446049250313e-16,-2.220446049250313e-16,4,89,0.430973777228284,17.978335060438987,0.28766208379994046
extension,strict,SMB,32,76,0.15317933121621038,0.35441974166777557,0.7240189171049745,0.356774716024418,0.721260465940428,0.36318198016710007,0.7164689476985246,-0.6734750424990562,0.9798337049314771,0.0,0.0,4,89,0.15317933121621038,13.052078692297494,0.14083212474648077
extension,strict,VMG,30,78,0.6023728274283092,1.2188607749163964,0.2266180297621236,1.22674992378036,0.21991659736053926,1.464947234187264,0.14293531444404753,-0.2035463343495871,1.4082919892062056,3.3306690738754696e-16,3.3306690738754696e-16,4,89,0.6023728274283096,15.119909663475827,0.4780765288962713
extension,zero_illustration,MKT,0,108,0.3900970157050292,0.8523909577992562,0.3959010372205756,0.8563648299605888,0.39179601198144354,0.941864206579925,0.3462621676195978,-0.4216719165009454,1.2018659479110037,1.1102230246251565e-16,1.1102230246251565e-16,4,108,0.39009701570502914,16.475412411271016,0.28413031926641863
extension,zero_illustration,SMB,0,108,-0.032748134644424276,-0.09682529060563255,0.923046267110888,-0.09727669300887258,0.922506664490996,-0.09579639635995099,0.9236822794861776,-0.7027646165042088,0.6372683472153604,2.220446049250313e-16,2.220446049250313e-16,4,108,-0.03274813464442427,12.17587718895721,-0.03227509686854416
extension,zero_illustration,VMG,0,108,0.8520841471886673,2.1469333975098484,0.03405697981765576,2.1569424652768583,0.031010147633905655,2.3952664701915665,0.016608290246211507,0.15485306201685842,1.5493152323604766,0.0,0.0,4,108,0.8520841471886673,14.287834608363214,0.7156444658366159
