factor,mode,n,alpha_pct,t_classical,p_classical,t_hc0,p_hc0,t_hac,p_hac,ci_hac_low_pct,ci_hac_high_pct,r_squared,adjusted_r_squared,hac_lags,hac_calendar_months
MKT,zero_illustration,216,0.15934014916041003,0.3374352911220291,0.7361179855420515,0.33821911399258947,0.7351980728570515,0.3382191139925901,0.735198072857051,-0.7640285805338153,1.082708878854636,2.220446049250313e-16,2.220446049250313e-16,0,216
MKT,zero_illustration,216,0.15934014916041003,0.3374352911220291,0.7361179855420515,0.33821911399258947,0.7351980728570515,0.3151655887039263,0.7526359313660897,-0.8315705493391871,1.150250847660008,2.220446049250313e-16,2.220446049250313e-16,4,216
MKT,zero_illustration,216,0.15934014916041003,0.3374352911220291,0.7361179855420515,0.33821911399258947,0.7351980728570515,0.30469079404136395,0.7606016617304165,-0.865636514897406,1.184316813218227,2.220446049250313e-16,2.220446049250313e-16,6,216
MKT,zero_illustration,216,0.15934014916041003,0.3374352911220291,0.7361179855420515,0.33821911399258947,0.7351980728570515,0.3055990977438742,0.7599099075278019,-0.8625900723331985,1.1812703706540193,2.220446049250313e-16,2.220446049250313e-16,12,216
SMB,zero_illustration,216,0.7529728432204115,2.648713008668033,0.008679313407705736,2.654865660415991,0.007933999820631974,2.654865660415993,0.007933999820631922,0.19708797263999714,1.308857713800827,0.0,0.0,0,216
SMB,zero_illustration,216,0.7529728432204115,2.648713008668033,0.008679313407705736,2.654865660415991,0.007933999820631974,2.5961690215349553,0.009426967948873153,0.18452000297498675,1.3214256834658373,0.0,0.0,4,216
SMB,zero_illustration,216,0.7529728432204115,2.648713008668033,0.008679313407705736,2.654865660415991,0.007933999820631974,2.570586831579463,0.010152637162974276,0.17886282448124868,1.3270828619595756,0.0,0.0,6,216
SMB,zero_illustration,216,0.7529728432204115,2.648713008668033,0.008679313407705736,2.654865660415991,0.007933999820631974,2.3846569790346503,0.017095052829394247,0.13409991221875456,1.3718457742220695,0.0,0.0,12,216
VMG,zero_illustration,216,0.7679003319753219,2.840139696375239,0.004942334144604177,2.846737010017813,0.004416983564295051,2.8467370100178124,0.004416983564295051,0.23920485041464035,1.2965958135360032,0.0,0.0,0,216
VMG,zero_illustration,216,0.7679003319753219,2.840139696375239,0.004942334144604177,2.846737010017813,0.004416983564295051,3.4157234888136068,0.0006361280566000352,0.3272742100667425,1.208526453883901,0.0,0.0,4,216
VMG,zero_illustration,216,0.7679003319753219,2.840139696375239,0.004942334144604177,2.846737010017813,0.004416983564295051,3.7177071381271576,0.00020103913262569384,0.36306559420031415,1.1727350697503296,0.0,0.0,6,216
VMG,zero_illustration,216,0.7679003319753219,2.840139696375239,0.004942334144604177,2.846737010017813,0.004416983564295051,3.899770305412071,9.628398909573084e-05,0.3819655520988569,1.1538351118517869,0.0,0.0,12,216
