period,mode,factor,n,corr,mean_gap_bps,rmse_bps
all,strict,MKT,92,0.9988818397182891,1.4478603285548441,30.96067758806431
all,strict,SMB,92,0.9946268779486096,-3.3559004106525885,44.23975295091558
all,strict,VMG,99,0.9664999782363132,-4.455805927092198,109.36924768542602
all,zero_illustration,MKT,216,0.9992895518532137,0.27197787900397563,26.29580196321249
all,zero_illustration,SMB,216,0.9931411663448857,1.4593213590781835,49.73708711024928
all,zero_illustration,VMG,216,0.9623433825305614,-0.4877445802455872,107.83558933953103
paper_overlap,strict,MKT,16,0.9995236745639835,1.3001527057554563,32.42607484462544
paper_overlap,strict,SMB,16,0.9957350921378493,-28.3691096889523,70.86718991761978
paper_overlap,strict,VMG,21,0.9229099030317589,-14.934897177282902,151.59393144097513
paper_overlap,zero_illustration,MKT,108,0.9995379767796012,-0.37315321990237255,26.07653637643865
paper_overlap,zero_illustration,SMB,108,0.9916621795352412,0.46197470111731864,60.7696808915463
paper_overlap,zero_illustration,VMG,108,0.9488109583611095,-1.5913112867653285,120.58890604012514
extension,strict,MKT,76,0.9983652989541365,1.4789566701968204,30.643244713674406
extension,strict,SMB,76,0.9955325633526554,1.9100383847789297,36.22004941970752
extension,strict,VMG,78,0.9758921714172372,-1.6345121289639315,94.84173595400365
extension,zero_illustration,MKT,108,0.9985372474514325,0.9171089779103239,26.51325427753545
extension,zero_illustration,SMB,108,0.9950478826704942,2.456668017039049,35.42035506265686
extension,zero_illustration,VMG,108,0.9741119149998789,0.6158221262741529,93.35600889312812
