model,asset,n,alpha_pct,t_classical,p_classical,t_hc0,p_hc0,t_hac,p_hac,ci_hac_low_pct,ci_hac_high_pct,r_squared,adjusted_r_squared,hac_lags,beta_MKT,hac_calendar_months,beta_SMB,beta_VMG
CAPM,REV1,92,-0.15734058648298144,-0.5530129178937122,0.5816256246549757,-0.566499306261039,0.5710544044064988,-0.5604085556416405,0.5752007972202553,-0.7076210554525756,0.39293988248661155,0.8905362384934611,0.8893199744767217,4,1.200543360088926,214,,
CAPM,REV2,92,0.13774713798153682,0.6308473667105825,0.5297390950019607,0.6539459361157468,0.5131466375520627,0.6760034872488977,0.4990384309867131,-0.2616286559452139,0.5371229319082862,0.9146907531027699,0.9137428725816896,4,1.0577404841636195,214,,
CAPM,REV3,92,0.44504162408176606,2.3715188194928905,0.01984702034326708,2.435340972408157,0.014877762721684177,2.5697319310056344,0.01017772377628661,0.10560327866644317,0.7844799694970884,0.9377733637110997,0.937081956641223,4,1.0777464157582464,214,,
CAPM,REV4,92,0.22709630047146653,1.2109940674964035,0.22906806639579055,1.2236298019092782,0.2210919119093746,1.3660638249460904,0.1719189313864542,-0.0987307669160521,0.5529233678589863,0.9209361636857141,0.9200576766155554,4,0.9468378549932986,214,,
CAPM,REV5,92,-0.2951329706438883,-0.8251063484140437,0.41149285801219576,-0.8480397261779328,0.39641584701582766,-0.759953407471557,0.44728243581042504,-1.056298046588347,0.46603210530057043,0.779432882730496,0.7769821369830572,4,0.9947375814548747,214,,
CH3,REV1,92,-0.13607654799186641,-0.4954897685573209,0.6214895347972546,-0.4867401463162667,0.6264424911653641,-0.484301372593666,0.6281720019659498,-0.68677730643957,0.4146242104558361,0.903442623912158,0.9001508951818906,4,1.164780348155275,214,0.1934337277685091,-0.08592055405084778
CH3,REV2,92,0.12922119995720294,0.5855149685081809,0.5597000676975148,0.5925766273662535,0.55346452477955,0.600116247500345,0.5484287651477942,-0.29281186282038774,0.5512542627347916,0.9174912621407821,0.9146784642592178,4,1.0488749369410593,214,0.09181013840724797,-0.010865651170364532
CH3,REV3,92,0.4216727490457058,2.192166328724433,0.031006963786591277,2.190440330359871,0.028492317811399475,2.197940412970634,0.027953352501700755,0.04565554834526893,0.7976899497461412,0.938104203271511,0.9359941192921307,4,1.0858465605076453,214,0.015163246852935498,0.03349056858431668
CH3,REV4,92,0.23688716378235142,1.246080249399415,0.21604207273105358,1.2921985607565172,0.19628839000072673,1.4795892260797732,0.13898290347868117,-0.07690959901471535,0.5506839265794194,0.9230760269247891,0.9204536187517705,4,0.9526357787144589,214,-0.07344105204919657,0.0039184434871537555
CH3,REV5,92,-0.12708409414876437,-0.3633373000403422,0.7172242948799427,-0.3875516144776207,0.6983478815940264,-0.33417709003061563,0.7382459307352943,-0.8724381443520721,0.6182699560545442,0.8003283200626038,0.7935213309738289,4,0.9246342999646435,214,-0.022520909808049147,-0.2639846044917693
