variant,factor,comparison,n,alpha_pct,t_classical,p_classical,t_hc0,p_hc0,t_hac,p_hac,ci_hac_low_pct,ci_hac_high_pct,r_squared,adjusted_r_squared,hac_lags,hac_calendar_months,mean_month_pct,vol_annual_pct,sharpe,corr_baseline
no_smallcap_cut,MKT,zero_outcome_illustration,216,0.22040995011948236,0.46402819137054474,0.643097027504947,0.4651060748004953,0.6418554959024318,0.4347854522291292,0.6637181654563576,-0.7731733490770079,1.2139932493159737,0.0,0.0,4,216,0.22040995011948222,24.182674405041517,0.10937249359328027,0.999187939780756
no_smallcap_cut,SMB,zero_outcome_illustration,216,1.2374844130657991,4.241455326988412,3.299563588810932e-05,4.2513077335896865,2.1252591245012695e-05,4.171000530827743,3.0326515568309393e-05,0.6559872727244326,1.8189815534071654,-2.220446049250313e-16,-2.220446049250313e-16,4,216,1.2374844130657991,14.85396303615455,0.9997206079377698,0.9729504297202077
no_smallcap_cut,VMG,zero_outcome_illustration,216,0.5704559062002528,2.3515893793877707,0.0195975253259074,2.3570518475593776,0.018420674737999406,2.717647250485649,0.006574789234610954,0.15904378098022923,0.9818680314202765,0.0,0.0,4,216,0.5704559062002529,12.350316559855177,0.5542749322437858,0.9623151210568703
announcement_plus_30d,MKT,zero_outcome_illustration,216,0.15886002763794474,0.3363843411014475,0.7369091395085609,0.3371657227375442,0.7359919752532987,0.31411513872167296,0.7534335919970959,-0.8323686473648735,1.150088702640764,0.0,0.0,4,216,0.1588600276379447,24.043426561655913,0.07928654955926734,0.9999987606946096
announcement_plus_30d,SMB,zero_outcome_illustration,216,0.703840785404958,2.5048631496750664,0.012991998346228962,2.5106816549588817,0.012049830754662944,2.434338795419235,0.014919023654893112,0.13715606886511067,1.2705255019448063,0.0,0.0,4,216,0.7038407854049582,14.305660828458919,0.5904019063598444,0.9980126033843816
announcement_plus_30d,VMG,zero_outcome_illustration,216,0.634368025689168,2.3454510679759086,0.019914778134760818,2.3508992775652104,0.018728102609077608,2.876784949829739,0.004017492850360512,0.20217079684585965,1.0665652545324762,0.0,0.0,4,216,0.634368025689168,13.769951374269512,0.5528281183689981,0.9868202672739824
vendor_market_cap,MKT,zero_outcome_illustration,216,0.16133183135690715,0.34104937119577966,0.7333994648383144,0.3418415891533163,0.7324701092972159,0.3173588621496235,0.7509713182707549,-0.8350310144058425,1.157694677119656,0.0,0.0,4,216,0.16133183135690707,24.083539205214688,0.08038610769731454,0.9997950315248315
vendor_market_cap,SMB,zero_outcome_illustration,216,0.7515371667012647,2.6525957687716653,0.00858330189286013,2.658757439719009,0.007842940569955778,2.5977716151435852,0.009383087869419583,0.18451819890938706,1.3185561344931394,-2.220446049250313e-16,-2.220446049250313e-16,4,216,0.7515371667012649,14.424371171212256,0.6252228186150627,0.9998886392156717
vendor_market_cap,VMG,zero_outcome_illustration,216,0.7678082005056988,2.8552587981215036,0.004721322796354441,2.8618912316760814,0.004211214001838159,3.428604055597432,0.0006066939157920849,0.32889008817106985,1.2067263128403278,-2.220446049250313e-16,-2.220446049250313e-16,4,216,0.7678082005056988,13.690672019695626,0.6729909527314222,0.99972782075041
